loc,lastmod,changefreq,priority
https://drlumban.netlify.app/,2026-03-20,weekly,1
https://drlumban.netlify.app/perfil,2026-03-20,monthly,0.9
https://drlumban.netlify.app/contacto,2026-03-20,monthly,0.9
https://drlumban.netlify.app/instalaciones,2026-03-20,monthly,0.8
https://drlumban.netlify.app/certificaciones,2026-03-20,monthly,0.8
https://drlumban.netlify.app/cirugia-microscopica,2026-03-20,monthly,0.9
https://drlumban.netlify.app/cirugia-endoscopica,2026-03-20,monthly,0.9
https://drlumban.netlify.app/cirugia-anitrronquido,2026-03-20,monthly,0.9
https://drlumban.netlify.app/septoplastia,2026-03-20,monthly,0.8
https://drlumban.netlify.app/cosmetica-nariz,2026-03-20,monthly,0.8
https://drlumban.netlify.app/alergias,2026-03-20,monthly,0.7
https://drlumban.netlify.app/congestion-nasal,2026-03-20,monthly,0.7
https://drlumban.netlify.app/obstruccion-nasal,2026-03-20,monthly,0.7
https://drlumban.netlify.app/perdida-audicion,2026-03-20,monthly,0.7
https://drlumban.netlify.app/vertigo-mareo,2026-03-20,monthly,0.7
https://drlumban.netlify.app/ronquidos,2026-03-20,monthly,0.7
https://drlumban.netlify.app/problemas-garganta,2026-03-20,monthly,0.7
https://drlumban.netlify.app/apnea-sueno,2026-03-20,monthly,0.7
https://drlumban.netlify.app/trastornos-voz,2026-03-20,monthly,0.7
https://drlumban.netlify.app/otorrinopediatria,2026-03-20,monthly,0.8
https://drlumban.netlify.app/sinusitis,2026-03-20,monthly,0.7